"全国地方公共団体コード","ID","地方公共団体名","名称","名称_カナ","名称_英字","名称_通称","POIコード","外部識別子","外部識別子の値","所在地_全国地方公共団体コード","町字ID","所在地_連結表記","所在地_都道府県","所在地_市区町村","所在地_町字","所在地_番地以下","建物名等(方書)","緯度","経度","高度の種別","高度の値","電話番号","内線番号","連絡先メールアドレス","連絡先FormURL","連絡先備考（その他、SNSなど）","郵便番号","法人番号","団体名","利用可能曜日","開始時間","終了時間","利用可能時間特記事項","説明","車椅子可","車椅子貸出","ツエ貸出","バリアフリートイレ","スロープ、エレベータ、エスカレータ","点字ブロック等の移動支援","点字や読上による支援","盲導犬・介助犬、聴導犬同伴","字幕","筆談対応","優先駐車場","オストメイト対応トイレ","授乳室","おむつ替えコーナー","飲食可否","ベビーカー貸出","ベビーカー利用","URL","画像","画像_ライセンス","備考"
"131199","131199000001","板橋区","板橋区役所","","","","","","","","131199","東京都板橋区板橋2-66-1","東京都","板橋区","板橋2丁目","66-1","","35.751126","139.709251","","","(03)3964-1111","","","","","1738501","","","","","","","","","","","","","","","","","","","","","","","","","","","",""
"131199","131199000002","板橋区","赤塚支所","","","","","","","","131199","東京都板橋区赤塚6-38-1","東京都","板橋区","赤塚6丁目","38-1","","35.77889","139.644697","","","(03)3938-5113","","","","","1750092","","","","","","","","","","","","","","","","","","","","","","","","","","","",""
"131199","131199000003","板橋区","仲町区民事務所","","","","","","","","131199","東京都板橋区仲町20-5","東京都","板橋区","仲町","20-5","","35.751227","139.696422","","","(03)3959-4105","","","","","1730022","","","","","","","","","","","","","","","","","","","","","","","","","","","",""
"131199","131199000004","板橋区","常盤台区民事務所","","","","","","","","131199","東京都板橋区常盤台3-27-1","東京都","板橋区","常盤台3丁目","27-1","","35.761178","139.682575","","","(03)3967-6711","","","","","1740071","","","","","","","","","","","","","","","","","","","","","","","","","","","",""
"131199","131199000005","板橋区","志村坂上区民事務所","","","","","","","","131199","東京都板橋区小豆沢2-19-15","東京都","板橋区","小豆沢2丁目","19-15","","35.776506","139.696148","","","(03)3969-7571","","","","","1740051","","","","","","","","","","","","","","","","","","","","","","","","","","","",""
"131199","131199000006","板橋区","蓮根区民事務所","","","","","","","","131199","東京都板橋区坂下2-18-1","東京都","板橋区","坂下2丁目","18-1","","35.782439","139.680772","","","(03)3969-7581","","","","","1740043","","","","","","","","","","","","","","","","","","","","","","","","","","","",""
"131199","131199000007","板橋区","下赤塚区民事務所","","","","","","","","131199","東京都板橋区赤塚6-38-1","東京都","板橋区","赤塚6丁目","38-1","","35.778595","139.644763","","","(03)3938-5110","","","","","1750092","","","","","","","","","","","","","","","","","","","","","","","","","","","",""
"131199","131199000008","板橋区","高島平区民事務所","","","","","","","","131199","東京都板橋区高島平3-12-28","東京都","板橋区","高島平3丁目","12-28","","35.787129","139.659031","","","(03)3938-1191","","","","","1750082","","","","","","","","","","","","","","","","","","","","","","","","","","","",""
"131199","131199000009","板橋区","いたばし観光センター","","","","","","","","131199","東京都板橋区板橋3-14-15","東京都","板橋区","板橋3丁目","14-15","","35.751126","139.712136","","","(03)3963-5078","","","","","1730004","","","","","","","","","","","","","","","","","","","","","","","","","http://www.city.itabashi.tokyo.jp/c_kurashi/003/003921.html","","",""
"131199","131199000010","板橋区","情報処理センター","","","","","","","","131199","東京都板橋区板橋2-65-6","東京都","板橋区","板橋2丁目","65-6","","35.749957","139.708943","","","","","","","","1730004","","","","","","","","","","","","","","","","","","","","","","","","","","","",""
"131199","131199000011","板橋区","いたばし総合ボランティアセンター","","","","","","","","131199","東京都板橋区本町24-1公文書館1階","東京都","板橋区","本町","24-1 公文書館1階","","35.759751","139.708365","","","(03)5944-4601","","","","","1730001","","","","","","","","","","","","","","","","","","","","","","","","","http://www.city.itabashi.tokyo.jp/c_kurashi/002/002156.html","","",""
"131199","131199000012","板橋区","公文書館","","","","","","","","131199","東京都板橋区本町24-1","東京都","板橋区","本町","24-1","","35.759519","139.708127","","","(03)3579-2291","","","","","1730001","","","","","","","","","","","","","","","","","","","","","","","","","http://www.city.itabashi.tokyo.jp/c_kurashi/000/000987.html","","",""
"131199","131199000013","板橋区","男女平等推進センター","","","","","","","","131199","東京都板橋区栄町36-1","東京都","板橋区","栄町","36-1","","35.75081","139.705259","","","(03)3579-2790","","","","","1730015","","","","","","","","","","","","","","","","","","","","","","","","","http://www.city.itabashi.tokyo.jp/c_kurashi/006/006637.html","","",""
"131199","131199000014","板橋区","舟渡斎場","","","","","","","","131199","東京都板橋区舟渡4-14-6","東京都","板橋区","舟渡4丁目","14-6","","35.795578","139.678779","","","(03)3967-6420","","","","","1740041","","","","","","","","","","","","","","","","","","","","","","","","","http://www.city.itabashi.tokyo.jp/c_kurashi/003/003926.html","","",""
"131199","131199000015","板橋区","消費者センター","","","","","","","","131199","東京都板橋区板橋2-65-6","東京都","板橋区","板橋2丁目","65-6","","35.749957","139.708799","","","(03)3579-2266","","","","","1730004","","","","","","","","","","","","","","","","","","","","","","","","","http://www.city.itabashi.tokyo.jp/c_kurashi/003/003927.html","","",""
"131199","131199000016","板橋区","ハイライフプラザいたばし","","","","","","","","131199","東京都板橋区板橋1-55-16","東京都","板橋区","板橋1丁目","55-16","","35.747508","139.720588","","","(03)5375-8102","","","","","1730004","","","","","","","","","","","","","","","","","","","","","","","","","http://www.city.itabashi.tokyo.jp/c_kurashi/006/006230.html","","",""
"131199","131199000017","板橋区","企業活性化センター","","","","","","","","131199","東京都板橋区舟渡1-13-10","東京都","板橋区","舟渡1丁目","13-10","","35.792","139.69088","","","(03)5914-3145","","","","","1740041","","","","","","","","","","","","","","","","","","","","","","","","","http://www.city.itabashi.tokyo.jp/c_kurashi/010/010801.html","","",""
"131199","131199000018","板橋区","南部土木サービスセンター","","","","","","","","131199","東京都板橋区常盤台3-27-1","東京都","板橋区","富士見3丁目","1","","35.760967","139.701527","","","(03)3579-2508","","","","","1740062","","","","","","","","","","","","","","","","","","","","","","","","","https://www.city.itabashi.tokyo.jp/kusei/soshiki/doboku/1007034.html","","",""
"131199","131199000019","板橋区","北部土木サービスセンター","","","","","","","","131199","東京都板橋区新河岸1-9-8","東京都","板橋区","新河岸1丁目","9-8","","35.794712","139.667851","","","(03)5398-7333","","","","","1750081","","","","","","","","","","","","","","","","","","","","","","","","","https://www.city.itabashi.tokyo.jp/kusei/soshiki/doboku/1007034.html","","",""
"131199","131199000020","板橋区","区民相談室","","","","","","","","131199","東京都板橋区板橋2-65-6　板橋区情報処理センター４階","東京都","板橋区","板橋2丁目","65-6　板橋区情報処理センター4階","","35.749852","139.708884","","","(03)3579-2288","","","","","1730004","","","","","","","","","","","","","","","","","","","","","","","","","https://www.city.itabashi.tokyo.jp/tetsuduki/soudan/kumin/1002130.html","","",""
"131199","131199000021","板橋区","仲宿地域センター","","","","","","","","131199","東京都板橋区氷川町12-10","東京都","板橋区","氷川町","12-10","","35.753955","139.707143","","","(03)3963-1621","","","","","1730013","","","","","","","","","","","","","","","","","","","","","","","","","","","",""
"131199","131199000022","板橋区","富士見地域センター","","","","","","","","131199","東京都板橋区富士見町3-1","東京都","板橋区","富士見町","3-1","","35.760702","139.700505","","","(03)3962-9281","","","","","1740062","","","","","","","","","","","","","","","","","","","","","","","","","","","",""
"131199","131199000023","板橋区","大谷口地域センター","","","","","","","","131199","東京都板橋区大谷口2-12-5","東京都","板橋区","大谷口2丁目","12-5","","35.74579","139.689008","","","(03)3959-4130","","","","","1730035","","","","","","","","","","","","","","","","","","","","","","","","","","","",""
"131199","131199000024","板橋区","清水地域センター","","","","","","","","131199","東京都板橋区泉町16-16","東京都","板橋区","泉町","16-16","","35.766394","139.702217","","","(03)3969-7564","","","","","1740055","","","","","","","","","","","","","","","","","","","","","","","","","","","",""
"131199","131199000025","板橋区","舟渡地域センター","","","","","","","","131199","東京都板橋区舟渡3-19-8","東京都","板橋区","舟渡3丁目","19-8","","35.794366","139.6809","","","(03)3558-4193","","","","","1740041","","","","","","","","","","","","","","","","","","","","","","","","","","","",""
"131199","131199000026","板橋区","前野地域センター","","","","","","","","131199","東京都板橋区前野町4-6-1","東京都","板橋区","前野町4丁目","6-1","","35.769191","139.688795","","","(03)3969-0307","","","","","1740063","","","","","","","","","","","","","","","","","","","","","","","","","","","",""
"131199","131199000027","板橋区","徳丸地域センター","","","","","","","","131199","東京都板橋区徳丸3-35-15","東京都","板橋区","徳丸3丁目","35-15","","35.773717","139.659471","","","(03)3932-5370","","","","","1750083","","","","","","","","","","","","","","","","","","","","","","","","","","","",""
"131199","131199000028","板橋区","蓮根地域センター","","","","","","","","131199","東京都板橋区坂下2-18-1","東京都","板橋区","坂下2丁目","18-1","","35.782607","139.680805","","","(03)3969-5723","","","","","1740043","","","","","","","","","","","","","","","","","","","","","","","","","","","",""
"131199","131199000029","板橋区","常盤台地域センター","","","","","","","","131199","東京都板橋区常盤台4-14-1","東京都","板橋区","常盤台4丁目","14-1","","35.763507","139.679614","","","(03)3559-6560","","","","","1740071","","","","","","","","","","","","","","","","","","","","","","","","","","","",""
"131199","131199000030","板橋区","熊野地域センター","","","","","","","","131199","東京都板橋区熊野町40-9","東京都","板橋区","熊野町","40-9","","35.743626","139.704427","","","(03)3959-4115","","","","","1730025","","","","","","","","","","","","","","","","","","","","","","","","","","","",""
"131199","131199000031","板橋区","中台地域センター","","","","","","","","131199","東京都板橋区中台1-44-8","東京都","板橋区","中台1丁目","44-8","","35.767743","139.676657","","","(03)3932-9990","","","","","1740064","","","","","","","","","","","","","","","","","","","","","","","","","","","",""
"131199","131199000032","板橋区","成増地域センター（アクトホール）","","","","","","","","131199","東京都板橋区成増3-11-3-405","東京都","板橋区","成増3丁目","11-3-405","","35.778198","139.633422","","","(03)5998-6881","","","","","1750094","","","","","","","","","","","","","","","","","","","","","","","","","","","",""
"131199","131199000033","板橋区","板橋地域センター","","","","","","","","131199","東京都板橋区板橋3-14-15","東京都","板橋区","板橋3丁目","14-15","","35.751194","139.712219","","","(03)3963-5049","","","","","1730004","","","","","","","","","","","","","","","","","","","","","","","","","","","",""
"131199","131199000034","板橋区","仲町地域センター","","","","","","","","131199","東京都板橋区仲町20-5","東京都","板橋区","仲町","20-5","","35.751066","139.696504","","","(03)3958-1101","","","","","1730022","","","","","","","","","","","","","","","","","","","","","","","","","","","",""
"131199","131199000035","板橋区","桜川地域センター","","","","","","","","131199","東京都板橋区東新町2-45-6","東京都","板橋区","東新町2丁目","45-6","","35.7524","139.681757","","","(03)3974-3180","","","","","1740074","","","","","","","","","","","","","","","","","","","","","","","","","","","",""
"131199","131199000036","板橋区","下赤塚地域センター","","","","","","","","131199","東京都板橋区赤塚6-38-1","東京都","板橋区","赤塚6丁目","38-1","","35.778729","139.644623","","","(03)3938-5116","","","","","1750092","","","","","","","","","","","","","","","","","","","","","","","","","","","",""
"131199","131199000037","板橋区","高島平地域センター","","","","","","","","131199","東京都板橋区高島平3-12-28","東京都","板橋区","高島平3丁目","12-28","","35.787149","139.658808","","","(03)3938-1392","","","","","1750082","","","","","","","","","","","","","","","","","","","","","","","","","","","",""
"131199","131199000038","板橋区","志村坂上地域センター","","","","","","","","131199","東京都板橋区小豆沢2-19-15","東京都","板橋区","小豆沢2丁目","19-15","","35.776664","139.696023","","","(03)3969-7577","","","","","1740051","","","","","","","","","","","","","","","","","","","","","","","","","","","",""
"131199","131199000039","板橋区","教育科学館","","","","","","","","131199","東京都板橋区常盤台4-14-1","東京都","板橋区","常盤台4丁目","14-1","","35.763381","139.679554","","","(03)3559-6561","","","","","1740071","","","","","","","","","","","","","","","","","","","","","","","","","","","",""
"131199","131199000040","板橋区","美術館","","","","","","","","131199","東京都板橋区赤塚5-34-27","東京都","板橋区","赤塚5丁目","34-27","","35.784199","139.644556","","","(03)3979-3251","","","","","1750092","","","","","","","","","","","","","","","","","","","","","","","","","","","",""
"131199","131199000041","板橋区","郷土資料館","","","","","","","","131199","東京都板橋区赤塚5-35-25","東京都","板橋区","赤塚5丁目","35-25","","35.785566","139.643148","","","(03)5998-0081","","","","","1750092","","","","","","","","","","","","","","","","","","","","","","","","","","","",""
"131199","131199000042","板橋区","郷土芸能伝承館","","","","","","","","131199","東京都板橋区徳丸6-29-13","東京都","板橋区","徳丸6丁目","29-13","","35.778367","139.660701","","","(03)5398-4711","","","","","1750083","","","","","","","","","","","","","","","","","","","","","","","","","","","",""
"131199","131199000043","板橋区","植村冒険館","","","","","","","","131199","東京都板橋区加賀1-10-5","東京都","板橋区","加賀1丁目","10-5","","35.753626","139.71573","","","(03)3969-7421","","","","","1740046","","","","","","","","","","","","","","","","","","","","","","","","","","","",""
"131199","131199000044","板橋区","いたばしボローニャ子ども絵本館(中央図書館併設)","","","","","","","","131199","東京都板橋区常盤台4-3-1","東京都","板橋区","常盤台4丁目","3-1","","35.762844","139.681613","","","(03)6281-0560","","","","","1740071","","","","","","","","","","","","","","","","","","","","","","","","","","","",""
"131199","131199000045","板橋区","少年自然の家八ケ岳荘","","","","","","","","203629","長野県諏訪郡富士見町立沢字広原1-1322","長野県","諏訪郡富士見町","立沢","字広原1-1322","","35.95633","138.288823","","","(0266)66-2323","","","","","3990212","","","","","","","","","","","","","","","","","","","","","","","","","","","",""
"131199","131199000046","板橋区","リサイクルプラザ","","","","","","","","131199","東京都板橋区舟渡４-16-6","東京都","板橋区","舟渡4丁目","16-6","","35.795789","139.675873","","","(03)3558-5374","","","","","1740041","","","","","","","","","","","","","","","","","","","","","","","","","https://itapla.com/","","",""
"131199","131199000047","板橋区","エコポリスセンター","","","","","","","","131199","東京都板橋区前野町4-6-1","東京都","板橋区","前野町4丁目","6-1","","35.769235","139.688626","","","(03)5970-5001","","","","","1740063","","","","","","","","","","","","","","","","","","","","","","","","","https://itbs-ecopo.jp/","","",""
"131199","131199000048","板橋区","昆虫公園","","","","","","","","131199","東京都板橋区徳丸 3-37-9","東京都","板橋区","徳丸3丁目","37-9","","35.774946","139.659378","","","(03)3937-5983","","","","","1750083","","","","","","","","","","","","","","","","","","","","","","","","","","","",""
"131199","131199000049","板橋区","こども動物園","","","","","","","","131199","東京都板橋区板橋3-50-1（東板橋公園内）","東京都","板橋区","板橋3丁目","50-1","","35.754177","139.712558","","","","","","","","1730004","","","","","","","","","","","","","","","","","","","","","","","","","https://www.city.itabashi.tokyo.jp/bousai/kouen/kouen/doubutsuen/1006627.html","","",""
"131199","131199000050","板橋区","こども動物園高島平分園","","","","","","","","131199","東京都板橋区高島平8-24-1","東京都","板橋区","高島平8丁目","24-1","","35.79149","139.661138","","","","","","","","1750082","","","","","","","","","","","","","","","","","","","","","","","","","https://www.city.itabashi.tokyo.jp/bousai/kouen/kouen/doubutsuen/1006625.html","","",""
"131199","131199000051","板橋区","熱帯環境植物館（グリーンドームねったいかん）","","","","","","","","131199","東京都板橋区高島平8-29-2","東京都","板橋区","高島平8丁目","29-2","","35.791919","139.664007","","","(03)5920-1131","","","","","1750082","","","","","","","","","","","","","","","","","","","","","","","","","","","",""
"131199","131199000052","板橋区","赤塚植物園","","","","","","","","131199","東京都板橋区赤塚5-17-14","東京都","板橋区","赤塚5丁目","17-14","","35.78051","139.644075","","","(03)3975-9127","","","","","1750092","","","","","","","","","","","","","","","","","","","","","","","","","","","",""
"131199","131199000053","板橋区","西台粗大ごみセンター","","","","","","","","131199","東京都板橋区西台2-39-11","東京都","板橋区","西台2丁目","39-11","","35.781186","139.665793","","","(03)3935-2652","","","","","","","","","","","","","","","","","","","","","","","","","","","","","","","","",""
"131199","131199000054","板橋区","志村清掃事業所","","","","","","","","131199","東京都板橋区東坂下2-7-16","東京都","板橋区","東坂下2丁目","7-16","","35.785416","139.68946","","","(03)3966-9401","","","","","","","","","","","","","","","","","","","","","","","","","","","","","","","","",""
"131199","131199000055","板橋区","板橋西清掃事務所","","","","","","","","131199","東京都板橋区徳丸1-16-1","東京都","板橋区","徳丸1丁目","16-1","","35.769201","139.666662","","","(03)3936-7441","","","","","","","","","","","","","","","","","","","","","","","","","","","","","","","","",""
"131199","131199000056","板橋区","板橋東清掃事務所","","","","","","","","131199","東京都板橋区東坂下2-20-9","東京都","板橋区","東坂下2丁目","20-9","","35.787808","139.685244","","","(03)3969-3721","","","","","","","","","","","","","","","","","","","","","","","","","","","","","","","","",""
"131199","131199000057","板橋区","板橋福祉事務所","","","","","","","","131199","東京都板橋区栄町36-1　グリーンホール２・３階","東京都","板橋区","栄町","36-1 グリーンホール2・3階","","35.750752","139.70493","","","(03)3579-2451","","","","","","","","","","","","","","","","","","","","","","","","","","","","","","","","",""
"131199","131199000058","板橋区","三園福祉園","","","","","","","","131199","東京都板橋区三園2-9-16","東京都","板橋区","三園2丁目","9-16","","35.793224","139.640618","","","(03)5383-9587","","","","","","","","","","","","","","","","","","","","","","","","","","","","","","","","",""
"131199","131199000059","板橋区","赤塚福祉事務所","","","","","","","","131199","東京都板橋区赤塚6-38-1","東京都","板橋区","赤塚6丁目","38-1","","35.778596","139.644963","","","(03)3938-5117","","","","","","","","","","","","","","","","","","","","","","","","","","","","","","","","",""
"131199","131199000060","板橋区","保健福祉オンブズマン室","","","","","","","","131199","東京都板橋区板橋2-65-6　板橋区情報処理センター４階","東京都","板橋区","板橋2丁目","65-6 板橋区情報処理センター4階","","35.750014","139.708757","","","(03)3579-2890","","","","","","","","","","","","","","","","","","","","","","","","","","","","","","","","",""
"131199","131199000061","板橋区","おとしより保健福祉センター","","","","","","","","131199","東京都板橋区前野町4-16-1","東京都","板橋区","前野町4丁目","16-1","","35.771547","139.689783","","","(03)5970-1111","","","","","","","","","","","","","","","","","","","","","","","","","","","","","","","","",""
"131199","131199000062","板橋区","志村福祉事務所","","","","","","","","131199","東京都板橋区蓮根2-28-1","東京都","板橋区","蓮根2丁目","28-1","","35.785241","139.675134","","","(03)3968-2331","","","","","","","","","","","","","","","","","","","","","","","","","","","","","","","","",""
"131199","131199000063","板橋区","徳丸福祉園","","","","","","","","131199","東京都板橋区徳丸 3-41-16","東京都","板橋区","徳丸3丁目","41-16","","35.775612","139.65627","","","(03)3935-7213","","","","","","","","","","","","","","","","","","","","","","","","","","","","","","","","",""
"131199","131199000064","板橋区","小豆沢福祉園","","","","","","","","131199","東京都板橋区東坂下1-4-9","東京都","板橋区","東坂下1丁目","4-9","","35.781156","139.694685","","","(03)3969-5131","","","","","","","","","","","","","","","","","","","","","","","","","","","","","","","","",""
"131199","131199000065","板橋区","赤塚福祉園","","","","","","","","131199","東京都板橋区赤塚6-19-14","東京都","板橋区","赤塚6丁目","19-14","","35.777077","139.645123","","","(03)5383-5741","","","","","","","","","","","","","","","","","","","","","","","","","","","","","","","","",""
"131199","131199000066","板橋区","前野福祉園","","","","","","","","131199","東京都板橋区前野町4-16-1","東京都","板橋区","前野町4丁目","16-1","","35.77144","139.689973","","","(03)5392-8731","","","","","","","","","","","","","","","","","","","","","","","","","","","","","","","","",""
"131199","131199000067","板橋区","蓮根福祉園","","","","","","","","131199","東京都板橋区坂下2-8-1-101","東京都","板橋区","坂下2丁目","8-1-101","","35.781512","139.683153","","","(03)5392-0761","","","","","","","","","","","","","","","","","","","","","","","","","","","","","","","","",""
"131199","131199000068","板橋区","小茂根福祉園","","","","","","","","131199","東京都板橋区小茂根3-12-21","東京都","板橋区","小茂根3丁目","12-21","","35.750366","139.678814","","","(03)3958-8831","","","","","","","","","","","","","","","","","","","","","","","","","","","","","","","","",""
"131199","131199000069","板橋区","加賀福祉園","","","","","","","","131199","東京都板橋区加賀1-7-2","東京都","板橋区","加賀1丁目","7-2","","35.754215","139.718668","","","(03)3579-2366","","","","","","","","","","","","","","","","","","","","","","","","","","","","","","","","",""
"131199","131199000070","板橋区","高島平福祉園分場","","","","","","","","131199","東京都板橋区高島平9-1-8-201","東京都","板橋区","高島平9丁目","1-8-201","","35.787823","139.671744","","","(03)5399-7170","","","","","","","","","","","","","","","","","","","","","","","","","","","","","","","","",""
"131199","131199000071","板橋区","高島平福祉園","","","","","","","","131199","東京都板橋区高島平9-25-12","東京都","板橋区","高島平9丁目","25-12","","35.79054","139.668147","","","(03)3550-3403","","","","","","","","","","","","","","","","","","","","","","","","","","","","","","","","",""
"131199","131199000072","板橋区","障がい者福祉センター","","","","","","","","131199","東京都板橋区高島平9-25-12","東京都","板橋区","高島平9丁目","25-12","","35.790382","139.668124","","","(03)3550-3401","","","","","","","","","","","","","","","","","","","","","","","","","","","","","","","","",""
"131199","131199000073","板橋区","高島平健康福祉センター","","","","","","","","131199","東京都板橋区高島平3-13-28","東京都","板橋区","高島平3丁目","13-28","","35.788111","139.659289","","","(03)3938-8621","","","","","","","","","","","","","","","","","","","","","","","","","","","","","","http://www.city.itabashi.tokyo.jp/c_sections/takakc/index.html","","",""
"131199","131199000074","板橋区","上板橋健康福祉センター","","","","","","","","131199","東京都板橋区桜川3-18-6","東京都","板橋区","桜川3丁目","18-6","","35.76013","139.675441","","","(03)3937-1041","","","","","","","","","","","","","","","","","","","","","","","","","","","","","","http://www.city.itabashi.tokyo.jp/c_sections/kamikc/index.html","","",""
"131199","131199000075","板橋区","赤塚健康福祉センター","","","","","","","","131199","東京都板橋区赤塚1-10-13","東京都","板橋区","赤塚1丁目","10-13","","35.772143","139.647064","","","(03)3979-0511","","","","","","","","","","","","","","","","","","","","","","","","","","","","","","http://www.city.itabashi.tokyo.jp/c_sections/akakc/index.html","","",""
"131199","131199000076","板橋区","志村健康福祉センター","","","","","","","","131199","東京都板橋区蓮根2-5-5","東京都","板橋区","蓮根2丁目","5-5","","35.781164","139.67716","","","(03)3969-3836","","","","","","","","","","","","","","","","","","","","","","","","","","","","","","http://www.city.itabashi.tokyo.jp/c_sections/shikc/index.html","","",""
"131199","131199000077","板橋区","板橋健康福祉センター","","","","","","","","131199","東京都板橋区大山東町３２－１５","東京都","板橋区","大山東町","32-15","","35.750636","139.708061","","","(03)3579-2333","","","","","","","","","","","","","","","","","","","","","","","","","","","","","","http://www.city.itabashi.tokyo.jp/c_sections/itakc/index.html","","",""
"131199","131199000078","板橋区","板橋区保健所","","","","","","","","131199","東京都板橋区大山東町３２－１５","東京都","板橋区","大山東町","32-15","","35.750555","139.708102","","","","","","","","","","","","","","","","","","","","","","","","","","","","","","","","","http://www.city.itabashi.tokyo.jp/c_kurashi/009/009051.html","","",""
"131199","131199000079","板橋区","仲町ふれあい館","","","","","","","","131199","東京都板橋区仲町20-5","東京都","板橋区","仲町","20-5","","35.751092","139.696298","","","(03)3958-0163","","","","","1730022","","","","","","","","","","","","","","","","","","","","","","","","","http://www.city.itabashi.tokyo.jp/c_kurashi/001/001969.html","","",""
"131199","131199000080","板橋区","中台ふれあい館","","","","","","","","131199","東京都板橋区中台2-14-1","東京都","板橋区","中台2丁目","14-1","","35.769974","139.680351","","","(03)3934-2940","","","","","1740064","","","","","","","","","","","","","","","","","","","","","","","","","http://www.city.itabashi.tokyo.jp/c_kurashi/001/001969.html","","",""
"131199","131199000081","板橋区","徳丸ふれあい館","","","","","","","","131199","東京都板橋区徳丸2-12-12","東京都","板橋区","徳丸2丁目","12-12","","35.772043","139.66047","","","(03)3934-8627","","","","","1750083","","","","","","","","","","","","","","","","","","","","","","","","","http://www.city.itabashi.tokyo.jp/c_kurashi/001/001969.html","","",""
"131199","131199000082","板橋区","高島平ふれあい館","","","","","","","","131199","東京都板橋区高島平8-29-1","東京都","板橋区","高島平8丁目","29-1","","35.791914","139.664511","","","(03)3935-1775","","","","","1750082","","","","","","","","","","","","","","","","","","","","","","","","","http://www.city.itabashi.tokyo.jp/c_kurashi/001/001969.html","","",""
"131199","131199000083","板橋区","志村ふれあい館","","","","","","","","131199","東京都板橋区志村3-32-6","東京都","板橋区","志村3丁目","32-6","","35.778989","139.69027","","","(03)3960-5885","","","","","1740056","","","","","","","","","","","","","","","","","","","","","","","","","http://www.city.itabashi.tokyo.jp/c_kurashi/001/001969.html","","",""
"131199","131199000084","板橋区","洋弓場","","","","","","","","","東京都板橋区東坂下　2-21","東京都","板橋区","東坂下","2-21","","35.788595","139.686046","","","(03)3965-4234","","","","","","","","","","","","","","","","","","","","","","","","","","","","","","","","",""
"131199","131199000085","板橋区","和弓場","","","","","","","","","東京都板橋区小豆沢3-1-1","東京都","板橋区","小豆沢3丁目","1-1","","35.778412","139.694905","","","","","","","","","","","","","","","","","","","","","","","","","","","","","","","","","","","",""
"131199","131199000086","板橋区","荒川戸田橋陸上競技場","","","","","","","","","東京都板橋区舟渡4-7先","東京都","板橋区","舟渡","4-7先","","35.798062","139.671844","","","","","","","","","","","","","","","","","","","","","","","","","","","","","","","","","","","",""
"131199","131199000087","板橋区","新河岸陸上競技場","","","","","","","","","東京都板橋区新河岸3-1-3","東京都","板橋区","新河岸3丁目","1-3","","35.795791","139.657816","","","(03)3939-7910","","","","","","","","","","","","","","","","","","","","","","","","","","","","","","","","",""
"131199","131199000088","板橋区","東板橋公園運動場","","","","","","","","","東京都板橋区板橋3-50-1","東京都","板橋区","板橋3丁目","50-1","","35.754258","139.713599","","","(03)3962-3708","","","","","","","","","","","","","","","","","","","","","","","","","","","","","","","","",""
"131199","131199000089","板橋区","高島平温水プール","","","","","","","","","東京都板橋区高島平8-28-1","東京都","板橋区","高島平8丁目","28-1","","35.791557","139.66433","","","(03)3932-5348","","","","","","","","","","","","","","","","","","","","","","","","","","","","","","","","",""
"131199","131199000090","板橋区","赤塚体育館","","","","","","","","","東京都板橋区赤塚5-6-1","東京都","板橋区","赤塚5丁目","6-1","","35.777842","139.641779","","","(03)3938-1966","","","","","","","","","","","","","","","","","","","","","","","","","","","","","","","","",""
"131199","131199000091","板橋区","上板橋体育館","","","","","","","","","東京都板橋区桜川1-3-1","東京都","板橋区","桜川1丁目","3-1","","35.757126","139.67554","","","(03)5399-6501","","","","","","","","","","","","","","","","","","","","","","","","","","","","","","","","",""
"131199","131199000092","板橋区","植村記念加賀スポーツセンター（旧東板橋体育館）","","","","","","","","","東京都板橋区加賀1-10-5","東京都","板橋区","加賀1丁目","10-5","","35.753814","139.71557","","","(03)3579-2626","","","","","","","","","","","","","","","","","","","","","","","","","","","","","","","","",""
"131199","131199000093","板橋区","小豆沢体育館","","","","","","","","","東京都板橋区小豆沢3-1-1","東京都","板橋区","小豆沢3丁目","1-1","","35.778509","139.698248","","","(03)3969-4166","","","","","","","","","","","","","","","","","","","","","","","","","","","","","","","","",""
"131199","131199000094","板橋区","荒川戸田橋サッカー場Ｃ面","","","","","","","","","東京都板橋区舟渡2-26先","東京都","板橋区","舟渡","2-26先","","35.798856","139.68736","","","","","","","","","","","","","","","","","","","","","","","","","","","","","","","","","","","",""
"131199","131199000095","板橋区","荒川戸田橋サッカー場A面","","","","","","","","","東京都板橋区舟渡2-26先","東京都","板橋区","舟渡","2-26先","","35.797646","139.68712","","","","","","","","","","","","","","","","","","","","","","","","","","","","","","","","","","","",""
"131199","131199000096","板橋区","荒川戸田橋サッカー場Ｂ面","","","","","","","","","東京都板橋区舟渡2-26先","東京都","板橋区","舟渡","2-26先","","35.798762","139.686368","","","","","","","","","","","","","","","","","","","","","","","","","","","","","","","","","","","",""
"131199","131199000097","板橋区","高島平多目的運動場","","","","","","","","","東京都板橋区高島平2-24-1","東京都","板橋区","高島平2丁目","24-1","","35.784253","139.659899","","","","","","","","","","","","","","","","","","","","","","","","","","","","","","","","","","","",""
"131199","131199000098","板橋区","浮間舟渡フットサルパーク","","","","","","","","","東京都板橋区舟渡1丁目10番1号","東京都","板橋区","舟渡1丁目","10-1","","35.79026","139.69027","","","","","","","","","","","","","","","","","","","","","","","","","","","","","","","","","","","",""
"131199","131199000099","板橋区","城北野球場Ｂ面","","","","","","","","","東京都板橋区坂下2-19-1","東京都","板橋区","坂下2丁目","19-1","","35.782829","139.682466","","","","","","","","","","","","","","","","","","","","","","","","","","","","","","","","","","","",""
"131199","131199000100","板橋区","戸田橋少年野球場Ｅ面","","","","","","","","","東京都板橋区新河岸1-25先","東京都","板橋区","新河岸1丁目","25先","","35.798841","139.655186","","","","","","","","","","","","","","","","","","","","","","","","","","","","","","","","","","","",""
"131199","131199000101","板橋区","戸田橋少年野球場Ｄ面","","","","","","","","","東京都板橋区新河岸1-25先","東京都","板橋区","新河岸1丁目","25先","","35.79864","139.65407","","","","","","","","","","","","","","","","","","","","","","","","","","","","","","","","","","","",""
"131199","131199000102","板橋区","戸田橋少年野球場Ｃ面","","","","","","","","","東京都板橋区新河岸1-25先","東京都","板橋区","新河岸1丁目","25先","","35.798653","139.652971","","","","","","","","","","","","","","","","","","","","","","","","","","","","","","","","","","","",""
"131199","131199000103","板橋区","戸田橋少年野球場Ｂ面","","","","","","","","","東京都板橋区新河岸1-25先","東京都","板橋区","新河岸1丁目","25先","","35.798082","139.652525","","","","","","","","","","","","","","","","","","","","","","","","","","","","","","","","","","","",""
"131199","131199000104","板橋区","戸田少年硬式軟式兼用野球場Ａ面","","","","","","","","","東京都板橋区新河岸1-25先","東京都","板橋区","新河岸1丁目","25先","","35.798142","139.651169","","","","","","","","","","","","","","","","","","","","","","","","","","","","","","","","","","","",""
"131199","131199000105","板橋区","戸田一般野球場1面","","","","","","","","","東京都板橋区新河岸1-25先","東京都","板橋区","新河岸1丁目","25先","","35.797759","139.65326","","","","","","","","","","","","","","","","","","","","","","","","","","","","","","","","","","","",""
"131199","131199000106","板橋区","戸田一般野球場2面","","","","","","","","","東京都板橋区新河岸1-25先","東京都","板橋区","新河岸1丁目","25先","","35.79743","139.653856","","","","","","","","","","","","","","","","","","","","","","","","","","","","","","","","","","","",""
"131199","131199000107","板橋区","戸田一般野球場4面","","","","","","","","","東京都板橋区新河岸1-25先","東京都","板橋区","新河岸1丁目","25先","","35.797524","139.655302","","","","","","","","","","","","","","","","","","","","","","","","","","","","","","","","","","","",""
"131199","131199000108","板橋区","小豆沢野球場Ａ面","","","","","","","","","東京都板橋区小豆沢3-1-1","東京都","板橋区","小豆沢3丁目","1-1","","35.778798","139.696354","","","","","","","","","","","","","","","","","","","","","","","","","","","","","","","","","","","",""
"131199","131199000109","板橋区","戸田橋少年野球場Ｆ面","","","","","","","","","東京都板橋区新河岸1-25先","東京都","板橋区","新河岸1丁目","25先","","35.798814","139.656592","","","","","","","","","","","","","","","","","","","","","","","","","","","","","","","","","","","",""
"131199","131199000110","板橋区","戸田一般野球場5面","","","","","","","","","東京都板橋区新河岸1-25先","東京都","板橋区","新河岸1丁目","25先","","35.798264","139.65736","","","","","","","","","","","","","","","","","","","","","","","","","","","","","","","","","","","",""
"131199","131199000111","板橋区","戸田一般野球場6面","","","","","","","","","東京都板橋区新河岸1-25先","東京都","板橋区","新河岸1丁目","25先","","35.798432","139.65827","","","","","","","","","","","","","","","","","","","","","","","","","","","","","","","","","","","",""
"131199","131199000112","板橋区","戸田一般野球場7面","","","","","","","","","東京都板橋区新河岸1-25先","東京都","板橋区","新河岸1丁目","25先","","35.798096","139.658882","","","","","","","","","","","","","","","","","","","","","","","","","","","","","","","","","","","",""
"131199","131199000113","板橋区","戸田一般野球場8面","","","","","","","","","東京都板橋区新河岸1-25先","東京都","板橋区","新河岸1丁目","25先","","35.79827","139.659551","","","","","","","","","","","","","","","","","","","","","","","","","","","","","","","","","","","",""
"131199","131199000114","板橋区","戸田一般野球場9面","","","","","","","","","東京都板橋区新河岸1-25先","東京都","板橋区","新河岸1丁目","25先","","35.798815","139.660039","","","","","","","","","","","","","","","","","","","","","","","","","","","","","","","","","","","",""
"131199","131199000115","板橋区","戸田硬式軟式兼用野球場 B面","","","","","","","","","東京都板橋区舟渡3-20先","東京都","板橋区","舟渡","20先","","35.796799","139.680689","","","","","","","","","","","","","","","","","","","","","","","","","","","","","","","","","","","",""
"131199","131199000116","板橋区","戸田一般野球場11面","","","","","","","","","東京都板橋区新河岸1-25先","東京都","板橋区","新河岸1丁目","25先","","35.798607","139.684194","","","","","","","","","","","","","","","","","","","","","","","","","","","","","","","","","","","",""
"131199","131199000117","板橋区","戸田一般野球場10面","","","","","","","","","東京都板橋区新河岸1-25先","東京都","板橋区","新河岸1丁目","25先","","35.796907","139.683673","","","","","","","","","","","","","","","","","","","","","","","","","","","","","","","","","","","",""
"131199","131199000118","板橋区","戸田硬式軟式兼用野球場Ａ面","","","","","","","","","東京都板橋区舟渡3-20先","東京都","板橋区","舟渡","20先","","35.79686","139.682846","","","","","","","","","","","","","","","","","","","","","","","","","","","","","","","","","","","",""
"131199","131199000119","板橋区","戸田一般野球場3面","","","","","","","","","東京都板橋区新河岸1-25先","東京都","板橋区","新河岸1丁目","25先","","35.797961","139.654748","","","","","","","","","","","","","","","","","","","","","","","","","","","","","","","","","","","",""
"131199","131199000120","板橋区","徳丸ヶ原野球場","","","","","","","","","東京都板橋区高島平8-24-1","東京都","板橋区","高島平8丁目","24-1","","35.79214","139.660997","","","","","","","","","","","","","","","","","","","","","","","","","","","","","","","","","","","",""
"131199","131199000121","板橋区","城北野球場A面","","","","","","","","","東京都板橋区坂下2-19-1","東京都","板橋区","坂下2丁目","19-1","","35.783266","139.681607","","","","","","","","","","","","","","","","","","","","","","","","","","","","","","","","","","","",""
"131199","131199000122","板橋区","小豆沢野球場B面","","","","","","","","","東京都板橋区小豆沢3-1-1","東京都","板橋区","小豆沢3丁目","1-1","","35.778737","139.695346","","","","","","","","","","","","","","","","","","","","","","","","","","","","","","","","","","","",""
"131199","131199000123","板橋区","新河岸庭球場","","","","","","","","","東京都板橋区新河岸3-1-3","東京都","板橋区","新河岸3丁目","1-3","","35.794487","139.657915","","","(03)3939-4230","","","","","","","","","","","","","","","","","","","","","","","","","","","","","","","","",""
"131199","131199000124","板橋区","徳丸ヶ原庭球場","","","","","","","","","東京都板橋区高島平8-24-1","東京都","板橋区","高島平8丁目","24-1","","35.791152","139.661074","","","(03)3934-4004","","","","","","","","","","","","","","","","","","","","","","","","","","","","","","","","",""
"131199","131199000125","板橋区","東板橋庭球場","","","","","","","","","東京都板橋区板橋3-50-1","東京都","板橋区","板橋3丁目","50-1","","35.75379","139.71306","","","(03)3962-3708","","","","","","","","","","","","","","","","","","","","","","","","","","","","","","","","",""
"131199","131199000126","板橋区","加賀庭球場","","","","","","","","","東京都板橋区加賀1-17-1","東京都","板橋区","加賀1丁目","17-1","","35.755842","139.719144","","","(03)3961-6501","","","","","","","","","","","","","","","","","","","","","","","","","","","","","","","","",""
"131199","131199000127","板橋区","小豆沢庭球場","","","","","","","","","東京都板橋区小豆沢3-1-1","東京都","板橋区","小豆沢3丁目","1-1","","35.778589","139.696925","","","(03)3967-4894","","","","","","","","","","","","","","","","","","","","","","","","","","","","","","","","",""
"131199","131199000128","板橋区","成増フレンド","","","","","","","","","東京都板橋区成増1-12-4","東京都","板橋区","成増1丁目","12-4","","35.774625","139.632851","","","(03)6909-2070","","","","","","","","","","","","","","","","","","","","","","","","","","","","","","","","",""
"131199","131199000129","板橋区","成増教育相談室","","","","","","","","","東京都板橋区成増1-12-4","東京都","板橋区","成増1丁目","12-4","","35.774724","139.632967","","","(03)3975-9693","","","","","","","","","","","","","","","","","","","","","","","","","","","","","","","","",""
"131199","131199000130","板橋区","成増生涯学習センター","","","","","","","","","東京都板橋区成増1-12-4","東京都","板橋区","成増1丁目","12-4","","35.774717","139.632637","","","(03)3975-9706","","","","","","","","","","","","","","","","","","","","","","","","","","","","","","","","",""
"131199","131199000131","板橋区","大原生涯学習センター","","","","","","","","","東京都板橋区大原町5-18","東京都","板橋区","大原町","5-18","","35.769545","139.700207","","","(03)3969-0401","","","","","","","","","","","","","","","","","","","","","","","","","","","","","","","","",""
"131199","131199000132","板橋区","板橋フレンドセンター","","","","","","","","","東京都板橋区富士見町３－１","東京都","板橋区","富士見町","3-1","","35.760883","139.701208","","","(03)3961-2500","","","","","","","","","","","","","","","","","","","","","","","","","","","","","","","","",""
"131199","131199000133","板橋区","天津わかしお学校","","","","","","","","","千葉県鴨川市天津1990","千葉県","鴨川市","天津","1990","","35.124355","140.16854","","","(0470)94-0371","","","","","","","","","","","","","","","","","","","","","","","","","","","","","","","","",""
"131199","131199000134","板橋区","坂下三丁目保育園","","","","","","","","","東京都板橋区坂下3-14-6-101","東京都","板橋区","坂下3丁目","14-6-101","","35.787402","139.681797","","","(03)3965-6241","","","","","","","","","","","","","","","","","","","","","","","","","","","","","","http://www.city.itabashi.tokyo.jp/c_sections/saka3h/index.html","","",""
"131199","131199000135","板橋区","新河岸保育園","","","","","","","","","東京都板橋区高島平8－30－12","東京都","板橋区","高島平8丁目","30-12","","35.792384","139.664169","","","(03)3550-7141","","","","","","","","","","","","","","","","","","","","","","","","","","","","","","http://www.city.itabashi.tokyo.jp/c_sections/shingah/index.html","","",""
"131199","131199000136","板橋区","蓮根保育園","","","","","","","","","東京都板橋区蓮根2-6-15","東京都","板橋区","蓮根2丁目","6-15","","35.781149","139.676573","","","(03)3968-0687","","","","","","","","","","","","","","","","","","","","","","","","","","","","","","http://www.city.itabashi.tokyo.jp/c_sections/hasuh/index.html","","",""
"131199","131199000137","板橋区","相生保育園","","","","","","","","","東京都板橋区相生町24-3-101","東京都","板橋区","相生町","24-3-101","","35.778602","139.678887","","","(03)3936-9636","","","","","","","","","","","","","","","","","","","","","","","","","","","","","","http://www.city.itabashi.tokyo.jp/c_sections/aioih/index.html","","",""
"131199","131199000138","板橋区","小桜保育園","","","","","","","","","東京都板橋区志村3-32-1","東京都","板橋区","志村3丁目","32-1","","35.778932","139.690708","","","(03)3960-9341","","","","","","","","","","","","","","","","","","","","","","","","","","","","","","http://www.city.itabashi.tokyo.jp/c_sections/kozah/index.html","","",""
"131199","131199000139","板橋区","さかうえ保育園","","","","","","","","","東京都板橋区小豆沢1-20-17","東京都","板橋区","小豆沢1丁目","20-17","","35.775855","139.702158","","","(03)3965-9721","","","","","","","","","","","","","","","","","","","","","","","","","","","","","","http://www.city.itabashi.tokyo.jp/c_sections/sakah/index.html","","",""
"131199","131199000140","板橋区","緑が丘保育園","","","","","","","","","東京都板橋区中台3-27-2","東京都","板橋区","中台3丁目","27-2","","35.773099","139.67916","","","(03)3934-4160","","","","","","","","","","","","","","","","","","","","","","","","","","","","","","http://www.city.itabashi.tokyo.jp/c_sections/midorih/index.html","","",""
"131199","131199000141","板橋区","向台保育園","","","","","","","","","東京都板橋区中台2-15-7","東京都","板橋区","中台2丁目","15-7","","35.770116","139.680772","","","(03)3932-0058","","","","","","","","","","","","","","","","","","","","","","","","","","","","","","http://www.city.itabashi.tokyo.jp/c_sections/mukadh/index.html","","",""
"131199","131199000142","板橋区","西前野保育園","","","","","","","","","東京都板橋区前野町6-10-7","東京都","板橋区","前野町6丁目","10-7","","35.765304","139.683435","","","(03)3965-3144","","","","","","","","","","","","","","","","","","","","","","","","","","","","","","http://www.city.itabashi.tokyo.jp/c_sections/wmaeh/index.html","","",""
"131199","131199000143","板橋区","南前野保育園","","","","","","","","","東京都板橋区前野町2-23-1","東京都","板橋区","前野町2丁目","23-1","","35.765834","139.688061","","","(03)3967-3830","","","","","","","","","","","","","","","","","","","","","","","","","","","","","","http://www.city.itabashi.tokyo.jp/c_sections/amaeh/index.html","","",""
"131199","131199000144","板橋区","ときわ台保育園","","","","","","","","","東京都板橋区常盤台3-21-2","東京都","板橋区","常盤台3丁目","21-2","","35.762254","139.684005","","","(03)3969-0436","","","","","","","","","","","","","","","","","","","","","","","","","","","","","","http://www.city.itabashi.tokyo.jp/c_sections/tokiwah/index.html","","",""
"131199","131199000145","板橋区","上板橋保育園","","","","","","","","","東京都板橋区上板橋2-3-8","東京都","板橋区","上板橋2丁目","3-8","","35.761823","139.673821","","","(03)3933-6935","","","","","","","","","","","","","","","","","","","","","","","","","","","","","","http://www.city.itabashi.tokyo.jp/c_sections/kamih/index.html","","",""
"131199","131199000146","板橋区","ゆりの木保育園","","","","","","","","","東京都板橋区赤塚新町3-32-11-102","東京都","板橋区","赤塚新町3丁目","32-11-102","","35.769222","139.638408","","","(03)3977-2650","","","","","","","","","","","","","","","","","","","","","","","","","","","","","","http://www.city.itabashi.tokyo.jp/c_sections/yurih/index.html","","",""
"131199","131199000147","板橋区","赤塚新町保育園","","","","","","","","","東京都板橋区赤塚新町2-12-1","東京都","板橋区","赤塚新町2丁目","12-1","","35.77336","139.638531","","","(03)3977-5120","","","","","","","","","","","","","","","","","","","","","","","","","","","","","","http://www.city.itabashi.tokyo.jp/c_sections/akashinh/index.html","","",""
"131199","131199000148","板橋区","紅梅保育園","","","","","","","","","東京都板橋区徳丸6-2-10","東京都","板橋区","徳丸6丁目","2-10","","35.776284","139.662991","","","(03)3934-6488","","","","","","","","","","","","","","","","","","","","","","","","","","","","","","http://www.city.itabashi.tokyo.jp/c_sections/koubaih/index.html","","",""
"131199","131199000149","板橋区","西台保育園","","","","","","","","","東京都板橋区西台2-5-18","東京都","板橋区","西台2丁目","5-18","","35.778985","139.670125","","","(03)3935-0516","","","","","","","","","","","","","","","","","","","","","","","","","","","","","","http://www.city.itabashi.tokyo.jp/c_sections/nishidaih/index.html","","",""
"131199","131199000150","板橋区","東新保育園","","","","","","","","","東京都板橋区東新町2-43-5","東京都","板橋区","東新町2丁目","43-5","","35.75249","139.680624","","","(03)3972-8040","","","","","","","","","","","","","","","","","","","","","","","","","","","","","","http://www.city.itabashi.tokyo.jp/c_sections/toshinh/index.html","","",""
"131199","131199000151","板橋区","大谷口保育園","","","","","","","","","東京都板橋区大谷口北町87-1","東京都","板橋区","大谷口北町","87-1","","35.751032","139.685659","","","(03)3958-3664","","","","","","","","","","","","","","","","","","","","","","","","","","","","","","http://www.city.itabashi.tokyo.jp/c_sections/oyah/index.html","","",""
"131199","131199000152","板橋区","向原保育園","","","","","","","","","東京都板橋区向原1-18-5","東京都","板橋区","向原1丁目","18-5","","35.742614","139.684849","","","(03)3974-6364","","","","","","","","","","","","","","","","","","","","","","","","","","","","","","http://www.city.itabashi.tokyo.jp/c_sections/mukaih/index.html","","",""
"131199","131199000153","板橋区","みなみ保育園","","","","","","","","","東京都板橋区幸町3-1","東京都","板橋区","幸町","3-1","","35.745173","139.700299","","","(03)3973-1311","","","","","","","","","","","","","","","","","","","","","","","","","","","","","","http://www.city.itabashi.tokyo.jp/c_sections/minah/index.html","","",""
"131199","131199000154","板橋区","中板橋保育園","","","","","","","","","東京都板橋区中板橋11-9","東京都","板橋区","中板橋","11-9","","35.754923","139.698463","","","(03)3962-9487","","","","","","","","","","","","","","","","","","","","","","","","","","","","","","http://www.city.itabashi.tokyo.jp/c_sections/nakaih/index.html","","",""
"131199","131199000155","板橋区","かないくぼ保育園","","","","","","","","","東京都板橋区板橋2-21-2","東京都","板橋区","板橋2丁目","21-2","","35.748129","139.709359","","","(03)3964-4678","","","","","","","","","","","","","","","","","","","","","","","","","","","","","","http://www.city.itabashi.tokyo.jp/c_sections/kanaih/index.html","","",""
"131199","131199000156","板橋区","赤塚保育園","","","","","","","","","東京都板橋区赤塚6-30-1","東京都","板橋区","赤塚6丁目","30-1","","35.776646","139.643846","","","(03)3930-0120","","","","","","","","","","","","","","","","","","","","","","","","","","","","","","http://www.city.itabashi.tokyo.jp/c_sections/akah/index.html","","",""
"131199","131199000157","板橋区","あさひが丘保育園","","","","","","","","","東京都板橋区赤塚7-4-1","東京都","板橋区","赤塚7丁目","4-1","","35.773663","139.6485","","","(03)3938-8838","","","","","","","","","","","","","","","","","","","","","","","","","","","","","","http://www.city.itabashi.tokyo.jp/c_sections/asahih/index.html","","",""
"131199","131199000158","板橋区","高島平くるみ保育園","","","","","","","","","東京都板橋区高島平8-16-1","東京都","板橋区","高島平8丁目","16-1","","35.79016","139.660816","","","(03)3933-9035","","","","","","","","","","","","","","","","","","","","","","","","","","","","","","http://www.city.itabashi.tokyo.jp/c_sections/kurumih/index.html","","",""
"131199","131199000159","板橋区","高島平あやめ保育園","","","","","","","","","東京都板橋区高島平8-30-1","東京都","板橋区","高島平8丁目","30-1","","35.792357","139.664445","","","(03)3932-4708","","","","","","","","","","","","","","","","","","","","","","","","","","","","","","http://www.city.itabashi.tokyo.jp/c_sections/ayameh/index.html","","",""
"131199","131199000160","板橋区","高島平もみじ保育園","","","","","","","","","東京都板橋区高島平3-10-1-101","東京都","板橋区","高島平3丁目","10-1-101","","35.78926","139.654901","","","(03)3975-8454","","","","","","","","","","","","","","","","","","","","","","","","","","","","","","http://www.city.itabashi.tokyo.jp/c_sections/momijih/index.html","","",""
"131199","131199000161","板橋区","高島平つぼみ保育園","","","","","","","","","東京都板橋区高島平2-25-4","東京都","板橋区","高島平2丁目","25-4","","35.784058","139.661255","","","(03)3936-9234","","","","","","","","","","","","","","","","","","","","","","","","","","","","","","http://www.city.itabashi.tokyo.jp/c_sections/tubomih/index.html","","",""
"131199","131199000162","板橋区","高島平けやき保育園","","","","","","","","","東京都板橋区高島平2-32-3-101","東京都","板橋区","高島平2丁目","32-3-101","","35.786516","139.662445","","","(03)3936-1380","","","","","","","","","","","","","","","","","","","","","","","","","","","","","","http://www.city.itabashi.tokyo.jp/c_sections/keyakih/index.html","","",""
"131199","131199000163","板橋区","高島平すみれ保育園","","","","","","","","","東京都板橋区高島平2-28-6-101","東京都","板橋区","高島平2丁目","28-6-101","","35.78653","139.664764","","","(03)3936-1370","","","","","","","","","","","","","","","","","","","","","","","","","","","","","","http://www.city.itabashi.tokyo.jp/c_sections/sumireh/index.html","","",""
"131199","131199000164","板橋区","高島平つくし保育園","","","","","","","","","東京都板橋区高島平2-26-3-101","東京都","板橋区","高島平2丁目","26-3-101","","35.783862","139.664973","","","(03)3936-1360","","","","","","","","","","","","","","","","","","","","","","","","","","","","","","http://www.city.itabashi.tokyo.jp/c_sections/tukushih/index.html","","",""
"131199","131199000165","板橋区","高島平さつき保育園","","","","","","","","","東京都板橋区高島平9-1-6-201","東京都","板橋区","高島平9丁目","1-6-201","","35.787573","139.673274","","","(03)3936-9182","","","","","","","","","","","","","","","","","","","","","","","","","","","","","","http://www.city.itabashi.tokyo.jp/c_sections/satukih/index.html","","",""
"131199","131199000166","板橋区","志村橋保育園","","","","","","","","","東京都板橋区舟渡3-6-3","東京都","板橋区","舟渡3丁目","6-3","","35.79356","139.680284","","","(03)3966-0286","","","","","","","","","","","","","","","","","","","","","","","","","","","","","","http://www.city.itabashi.tokyo.jp/c_sections/sbashih/index.html","","",""
"131199","131199000167","板橋区","若木保育園","","","","","","","","","東京都板橋区若木2-11-6","東京都","板橋区","若木2丁目","11-6","","35.770209","139.674316","","","(03)3932-0551","","","","","","","","","","","","","","","","","","","","","","","","","","","","","","http://www.city.itabashi.tokyo.jp/c_sections/wakagih/index.html","","",""
"131199","131199000168","板橋区","下赤塚小学校","","","","","","","","","東京都板橋区赤塚6-14-1","東京都","板橋区","赤塚6丁目","14-1","","35.774621","139.642897","","","(03)3939-0396","","","","","","","","","","","","","","","","","","","","","","","","","","","","","","","","",""
"131199","131199000169","板橋区","成増ケ丘小学校","","","","","","","","","東京都板橋区成増3-17-7","東京都","板橋区","成増3丁目","17-7","","35.780866","139.634138","","","(03)3930-2070","","","","","","","","","","","","","","","","","","","","","","","","","","","","","","","","",""
"131199","131199000170","板橋区","志村第五小学校","","","","","","","","","東京都板橋区西台3-38-23","東京都","板橋区","西台3丁目","38-23","","35.777111","139.668523","","","(03)3932-6347","","","","","","","","","","","","","","","","","","","","","","","","","","","","","","","","",""
"131199","131199000171","板橋区","志村第四小学校","","","","","","","","","東京都板橋区小豆沢4-13-1","東京都","板橋区","小豆沢4丁目","13-1","","35.780458","139.701447","","","(03)3966-3542","","","","","","","","","","","","","","","","","","","","","","","","","","","","","","","","",""
"131199","131199000172","板橋区","志村第三小学校","","","","","","","","","東京都板橋区清水町83-1","東京都","板橋区","清水町","83-1","","35.766979","139.705095","","","(03)3961-1562","","","","","","","","","","","","","","","","","","","","","","","","","","","","","","","","",""
"131199","131199000173","板橋区","志村第二小学校","","","","","","","","","東京都板橋区志村1-7-1","東京都","板橋区","志村1丁目","7-1","","35.772555","139.697826","","","(03)3969-8631","","","","","","","","","","","","","","","","","","","","","","","","","","","","","","","","",""
"131199","131199000174","板橋区","北野小学校","","","","","","","","","東京都板橋区徳丸3-23-1","東京都","板橋区","徳丸3丁目","23-1","","35.77158","139.657072","","","(03)3933-6161","","","","","","","","","","","","","","","","","","","","","","","","","","","","","","","","",""
"131199","131199000175","板橋区","紅梅小学校","","","","","","","","","東京都板橋区徳丸8-10-1","東京都","板橋区","徳丸8丁目","10-1","","35.78121","139.657508","","","(03)3932-6368","","","","","","","","","","","","","","","","","","","","","","","","","","","","","","","","",""
"131199","131199000176","板橋区","赤塚新町小学校","","","","","","","","","東京都板橋区赤塚新町3-31-1","東京都","板橋区","赤塚新町3丁目","31-1","","35.769452","139.635919","","","(03)3977-7811","","","","","","","","","","","","","","","","","","","","","","","","","","","","","","","","",""
"131199","131199000177","板橋区","成増小学校","","","","","","","","","東京都板橋区成増1-11-1","東京都","板橋区","成増1丁目","11-1","","35.774629","139.632192","","","(03)3930-0172","","","","","","","","","","","","","","","","","","","","","","","","","","","","","","","","",""
"131199","131199000178","板橋区","赤塚小学校","","","","","","","","","東京都板橋区赤塚3-1-22","東京都","板橋区","赤塚3丁目","1-22","","35.777795","139.64049","","","(03)3939-0047","","","","","","","","","","","","","","","","","","","","","","","","","","","","","","","","",""
"131199","131199000179","板橋区","向原小学校","","","","","","","","","東京都板橋区向原2-34-1","東京都","板橋区","向原2丁目","34-1","","35.741442","139.681855","","","(03)3956-8134","","","","","","","","","","","","","","","","","","","","","","","","","","","","","","","","",""
"131199","131199000180","板橋区","大谷口小学校","","","","","","","","","東京都板橋区大谷口北町21-1","東京都","板橋区","大谷口北町","21-1","","35.750978","139.690289","","","(03)3956-8108","","","","","","","","","","","","","","","","","","","","","","","","","","","","","","","","",""
"131199","131199000181","板橋区","弥生小学校","","","","","","","","","東京都板橋区弥生町19-1","東京都","板橋区","弥生町","19-1","","35.753885","139.694564","","","(03)3956-8116","","","","","","","","","","","","","","","","","","","","","","","","","","","","","","","","",""
"131199","131199000182","板橋区","桜川小学校","","","","","","","","","東京都板橋区東新町2-29-1","東京都","板橋区","東新町2丁目","29-1","","35.755117","139.678442","","","(03)3956-8106","","","","","","","","","","","","","","","","","","","","","","","","","","","","","","","","",""
"131199","131199000183","板橋区","常盤台小学校","","","","","","","","","東京都板橋区常盤台1-6-1","東京都","板橋区","常盤台1丁目","6-1","","35.759626","139.691271","","","(03)3969-4601","","","","","","","","","","","","","","","","","","","","","","","","","","","","","","","","",""
"131199","131199000184","板橋区","上板橋第四小学校","","","","","","","","","東京都板橋区上板橋1-3-1","東京都","板橋区","上板橋1丁目","3-1","","35.761521","139.678975","","","(03)3932-6317","","","","","","","","","","","","","","","","","","","","","","","","","","","","","","","","",""
"131199","131199000185","板橋区","上板橋第二小学校","","","","","","","","","東京都板橋区小茂根1-14-1","東京都","板橋区","小茂根1丁目","14-1","","35.747692","139.680203","","","(03)3956-8111","","","","","","","","","","","","","","","","","","","","","","","","","","","","","","","","",""
"131199","131199000186","板橋区","志村第一小学校","","","","","","","","","東京都板橋区泉町17-1","東京都","板橋区","泉町","17-1","","35.766447","139.701447","","","(03)3960-8561","","","","","","","","","","","","","","","","","","","","","","","","","","","","","","","","",""
"131199","131199000187","板橋区","志村小学校","","","","","","","","","東京都板橋区志村2-16-3","東京都","板橋区","志村2丁目","16-3","","35.77533","139.686732","","","(03)3969-8418","","","","","","","","","","","","","","","","","","","","","","","","","","","","","","","","",""
"131199","131199000188","板橋区","高島第六小学校","","","","","","","","","東京都板橋区高島平1-50-1","東京都","板橋区","高島平1丁目","50-1","","35.784817","139.670933","","","(03)3935-2550","","","","","","","","","","","","","","","","","","","","","","","","","","","","","","","","",""
"131199","131199000189","板橋区","高島第五小学校","","","","","","","","","東京都板橋区高島平3-11-1","東京都","板橋区","高島平3丁目","11-1","","35.78686","139.656874","","","(03)3975-6823","","","","","","","","","","","","","","","","","","","","","","","","","","","","","","","","",""
"131199","131199000190","板橋区","高島第三小学校","","","","","","","","","東京都板橋区高島平4-21-1","東京都","板橋区","高島平4丁目","21-1","","35.788922","139.650114","","","(03)3938-5173","","","","","","","","","","","","","","","","","","","","","","","","","","","","","","","","",""
"131199","131199000191","板橋区","高島第二小学校","","","","","","","","","東京都板橋区高島平2-25-1","東京都","板橋区","高島平2丁目","25-1","","35.785029","139.661809","","","(03)3936-1561","","","","","","","","","","","","","","","","","","","","","","","","","","","","","","","","",""
"131199","131199000192","板橋区","高島第一小学校","","","","","","","","","東京都板橋区高島平7-24-1","東京都","板橋区","高島平7丁目","24-1","","35.792108","139.65989","","","(03)3939-2091","","","","","","","","","","","","","","","","","","","","","","","","","","","","","","","","",""
"131199","131199000193","板橋区","三園小学校","","","","","","","","","東京都板橋区三園1-24-1","東京都","板橋区","三園1丁目","24-1","","35.790585","139.637733","","","(03)3930-8934","","","","","","","","","","","","","","","","","","","","","","","","","","","","","","","","",""
"131199","131199000194","板橋区","徳丸小学校","","","","","","","","","東京都板橋区徳丸1-21-1","東京都","板橋区","徳丸1丁目","21-1","","35.771783","139.666561","","","(03)3934-1888","","","","","","","","","","","","","","","","","","","","","","","","","","","","","","","","",""
"131199","131199000195","板橋区","上板橋小学校","","","","","","","","","東京都板橋区東山町47-3","東京都","板橋区","東山町","47-3","","35.755211","139.686626","","","(03)3972-1661","","","","","","","","","","","","","","","","","","","","","","","","","","","","","","","","",""
"131199","131199000196","板橋区","加賀小学校","","","","","","","","","東京都板橋区稲荷台23-1","東京都","板橋区","稲荷台","23-1","","35.761421","139.710565","","","(03)3962-6445","","","","","","","","","","","","","","","","","","","","","","","","","","","","","","","","",""
"131199","131199000197","板橋区","中根橋小学校","","","","","","","","","東京都板橋区栄町14-1","東京都","板橋区","栄町","14-1","","35.756149","139.701076","","","(03)3962-5511","","","","","","","","","","","","","","","","","","","","","","","","","","","","","","","","",""
"131199","131199000198","板橋区","金沢小学校","","","","","","","","","東京都板橋区加賀2-2-1","東京都","板橋区","加賀2丁目","2-1","","35.755396","139.71517","","","(03)3962-2361","","","","","","","","","","","","","","","","","","","","","","","","","","","","","","","","",""
"131199","131199000199","板橋区","板橋第十小学校","","","","","","","","","東京都板橋区大谷口上町43-1","東京都","板橋区","大谷口上町","43-1","","35.747725","139.692564","","","(03)3956-8110","","","","","","","","","","","","","","","","","","","","","","","","","","","","","","","","",""
"131199","131199000200","板橋区","板橋第八小学校","","","","","","","","","東京都板橋区双葉町42-1","東京都","板橋区","双葉町","42-1","","35.759734","139.700315","","","(03)3963-4181","","","","","","","","","","","","","","","","","","","","","","","","","","","","","","","","",""
"131199","131199000201","板橋区","板橋第七小学校","","","","","","","","","東京都板橋区大山金井町31-1","東京都","板橋区","大山金井町","31-1","","35.745606","139.704721","","","(03)3956-8114","","","","","","","","","","","","","","","","","","","","","","","","","","","","","","","","",""
"131199","131199000202","板橋区","板橋第六小学校","","","","","","","","","東京都板橋区大山町13-1","東京都","板橋区","大山町","13-1","","35.74726","139.700356","","","(03)3956-8101","","","","","","","","","","","","","","","","","","","","","","","","","","","","","","","","",""
"131199","131199000203","板橋区","板橋第五小学校","","","","","","","","","東京都板橋区中丸町19-1","東京都","板橋区","中丸町","19-1","","35.741705","139.704953","","","(03)3956-8124","","","","","","","","","","","","","","","","","","","","","","","","","","","","","","","","",""
"131199","131199000204","板橋区","板橋第四小学校","","","","","","","","","東京都板橋区板橋4-9-13","東京都","板橋区","板橋4丁目","9-13","","35.750208","139.716608","","","(03)3961-0422","","","","","","","","","","","","","","","","","","","","","","","","","","","","","","","","",""
"131199","131199000205","板橋区","板橋第二小学校","","","","","","","","","東京都板橋区板橋2-52-1","東京都","板橋区","板橋2丁目","52-1","","35.748775","139.710491","","","(03)3961-0200","","","","","","","","","","","","","","","","","","","","","","","","","","","","","","","","",""
"131199","131199000206","板橋区","板橋第一小学校","","","","","","","","","東京都板橋区氷川町13-1","東京都","板橋区","氷川町","13-1","","35.753747","139.707424","","","(03)3961-0100","","","","","","","","","","","","","","","","","","","","","","","","","","","","","","","","",""
"131199","131199000207","板橋区","若木小学校","","","","","","","","","東京都板橋区若木1-14-1","東京都","板橋区","若木1丁目","14-1","","35.7694","139.675508","","","(03)3932-6325","","","","","","","","","","","","","","","","","","","","","","","","","","","","","","","","",""
"131199","131199000208","板橋区","緑小学校","","","","","","","","","東京都板橋区中台3-27-1","東京都","板橋区","中台3丁目","27-1","","35.772441","139.67945","","","(03)3937-4581","","","","","","","","","","","","","","","","","","","","","","","","","","","","","","","","",""
"131199","131199000209","板橋区","北前野小学校","","","","","","","","","東京都板橋区前野町5-44-3","東京都","板橋区","前野町5丁目","44-3","","35.773166","139.68522","","","(03)3969-8415","","","","","","","","","","","","","","","","","","","","","","","","","","","","","","","","",""
"131199","131199000210","板橋区","志村坂下小学校","","","","","","","","","東京都板橋区相生町26-14","東京都","板橋区","相生町","26-14","","35.778972","139.680326","","","(03)3932-6365","","","","","","","","","","","","","","","","","","","","","","","","","","","","","","","","",""
"131199","131199000211","板橋区","蓮根第二小学校","","","","","","","","","東京都板橋区蓮根3-15-5","東京都","板橋区","蓮根3丁目","15-5","","35.788211","139.67787","","","(03)3967-2282","","","","","","","","","","","","","","","","","","","","","","","","","","","","","","","","",""
"131199","131199000212","板橋区","蓮根小学校","","","","","","","","","東京都板橋区蓮根3-10-1","東京都","板橋区","蓮根3丁目","10-1","","35.787755","139.676457","","","(03)3969-8401","","","","","","","","","","","","","","","","","","","","","","","","","","","","","","","","",""
"131199","131199000213","板橋区","富士見台小学校","","","","","","","","","東京都板橋区前野町1-10-1","東京都","板橋区","前野町1丁目","10-1","","35.76394","139.695165","","","(03)3969-8408","","","","","","","","","","","","","","","","","","","","","","","","","","","","","","","","",""
"131199","131199000214","板橋区","新河岸小学校","","","","","","","","","東京都板橋区新河岸1-3-1","東京都","板橋区","新河岸1丁目","3-1","","35.793768","139.66514","","","(03)3936-8521","","","","","","","","","","","","","","","","","","","","","","","","","","","","","","","","",""
"131199","131199000215","板橋区","舟渡小学校","","","","","","","","","東京都板橋区舟渡3-6-15","東京都","板橋区","舟渡3丁目","6-15","","35.793627","139.681679","","","(03)3969-8405","","","","","","","","","","","","","","","","","","","","","","","","","","","","","","","","",""
"131199","131199000216","板橋区","中台小学校","","","","","","","","","東京都板橋区中台1-9-7","東京都","板橋区","中台1丁目","9-7","","35.766481","139.681048","","","(03)3932-6327","","","","","","","","","","","","","","","","","","","","","","","","","","","","","","","","",""
"131199","131199000217","板橋区","前野小学校","","","","","","","","","東京都板橋区前野町6-40-1","東京都","板橋区","前野町6丁目","40-1","","35.768348","139.687683","","","(03)3969-4501","","","","","","","","","","","","","","","","","","","","","","","","","","","","","","","","",""
"131199","131199000218","板橋区","志村第六小学校","","","","","","","","","東京都板橋区坂下2-18-1","東京都","板橋区","坂下2丁目","18-1","","35.783756","139.68064","","","(03)3960-4177","","","","","","","","","","","","","","","","","","","","","","","","","","","","","","","","",""
"131199","131199000219","板橋区","上板橋第一中学校","","","","","","","","","東京都板橋区小茂根1-2-1","東京都","板橋区","小茂根1丁目","2-1","","35.74746","139.680916","","","(03)3956-8126","","","","","","","","","","","","","","","","","","","","","","","","","","","","","","","","",""
"131199","131199000220","板橋区","中台中学校","","","","","","","","","東京都板橋区中台1-56-23","東京都","板橋区","中台1丁目","56-23","","35.769282","139.680351","","","(03)3932-6357","","","","","","","","","","","","","","","","","","","","","","","","","","","","","","","","",""
"131199","131199000221","板橋区","西台中学校","","","","","","","","","東京都板橋区高島平1-4-1","東京都","板橋区","高島平1丁目","4-1","","35.782077","139.671706","","","(03)3934-4501","","","","","","","","","","","","","","","","","","","","","","","","","","","","","","","","",""
"131199","131199000222","板橋区","志村第五中学校","","","","","","","","","東京都板橋区坂下2-1-20","東京都","板橋区","坂下2丁目","1-20","","35.782392","139.685815","","","(03)3969-8421","","","","","","","","","","","","","","","","","","","","","","","","","","","","","","","","",""
"131199","131199000223","板橋区","志村第四中学校","","","","","","","","","東京都板橋区志村3-15-1","東京都","板橋区","志村3丁目","15-1","","35.776526","139.684004","","","(03)3966-9426","","","","","","","","","","","","","","","","","","","","","","","","","","","","","","","","",""
"131199","131199000224","板橋区","上板橋第二中学校","","","","","","","","","東京都板橋区向原3-1-12","東京都","板橋区","向原3丁目","1-12","","35.743953","139.685674","","","(03)3956-8136","","","","","","","","","","","","","","","","","","","","","","","","","","","","","","","","",""
"131199","131199000225","板橋区","志村第三中学校","","","","","","","","","東京都板橋区坂下2-21-1","東京都","板橋区","坂下2丁目","21-1","","35.783931","139.683235","","","(03)3966-9176","","","","","","","","","","","","","","","","","","","","","","","","","","","","","","","","",""
"131199","131199000226","板橋区","志村第二中学校","","","","","","","","","東京都板橋区小豆沢1-21-1","東京都","板橋区","小豆沢1丁目","21-1","","35.775351","139.703017","","","(03)3969-3363","","","","","","","","","","","","","","","","","","","","","","","","","","","","","","","","",""
"131199","131199000227","板橋区","志村第一中学校","","","","","","","","","東京都板橋区大原町33-1","東京都","板橋区","大原町","33-1","","35.767267","139.696975","","","(03)3960-8786","","","","","","","","","","","","","","","","","","","","","","","","","","","","","","","","",""
"131199","131199000228","板橋区","加賀中学校","","","","","","","","","東京都板橋区加賀2-19-1","東京都","板橋区","加賀2丁目","19-1","","35.760669","139.716104","","","(03)3962-6331","","","","","","","","","","","","","","","","","","","","","","","","","","","","","","","","",""
"131199","131199000229","板橋区","板橋第五中学校","","","","","","","","","東京都板橋区板橋4-49-3","東京都","板橋区","板橋4丁目","49-3","","35.75243","139.719593","","","(03)3962-7755","","","","","","","","","","","","","","","","","","","","","","","","","","","","","","","","",""
"131199","131199000230","板橋区","板橋第三中学校","","","","","","","","","東京都板橋区氷川町22-3","東京都","板橋区","氷川町","22-3","","35.755541","139.706457","","","(03)3962-8865","","","","","","","","","","","","","","","","","","","","","","","","","","","","","","","","",""
"131199","131199000231","板橋区","板橋第二中学校","","","","","","","","","東京都板橋区幸町26-1","東京都","板橋区","幸町","26-1","","35.74573","139.697472","","","(03)3956-8121","","","","","","","","","","","","","","","","","","","","","","","","","","","","","","","","",""
"131199","131199000232","板橋区","板橋第一中学校","","","","","","","","","東京都板橋区大山東町50-1","東京都","板橋区","大山東町","50-1","","35.750427","139.704763","","","(03)3962-5315","","","","","","","","","","","","","","","","","","","","","","","","","","","","","","","","",""
"131199","131199000233","板橋区","高島第三中学校","","","","","","","","","東京都板橋区高島平4-22-1","東京都","板橋区","高島平4丁目","22-1","","35.788527","139.65131","","","(03)3938-2551","","","","","","","","","","","","","","","","","","","","","","","","","","","","","","","","",""
"131199","131199000234","板橋区","高島第二中学校","","","","","","","","","東京都板橋区高島平2-24-1","東京都","板橋区","高島平2丁目","24-1","","35.785241","139.660544","","","(03)3936-1591","","","","","","","","","","","","","","","","","","","","","","","","","","","","","","","","",""
"131199","131199000235","板橋区","高島第一中学校","","","","","","","","","東京都板橋区高島平8-26-1","東京都","板橋区","高島平8丁目","26-1","","35.7919","139.662982","","","(03)3936-1171","","","","","","","","","","","","","","","","","","","","","","","","","","","","","","","","",""
"131199","131199000236","板橋区","赤塚第三中学校","","","","","","","","","東京都板橋区赤塚7-27-15","東京都","板橋区","赤塚7丁目","27-15","","35.779704","139.648004","","","(03)3930-3535","","","","","","","","","","","","","","","","","","","","","","","","","","","","","","","","",""
"131199","131199000237","板橋区","赤塚第二中学校","","","","","","","","","東京都板橋区成増3-18-1","東京都","板橋区","成増3丁目","18-1","","35.780772","139.633083","","","(03)3939-0247","","","","","","","","","","","","","","","","","","","","","","","","","","","","","","","","",""
"131199","131199000238","板橋区","赤塚第一中学校","","","","","","","","","東京都板橋区徳丸4-13-1","東京都","板橋区","徳丸4丁目","13-1","","35.771754","139.652336","","","(03)3932-5314","","","","","","","","","","","","","","","","","","","","","","","","","","","","","","","","",""
"131199","131199000239","板橋区","桜川中学校","","","","","","","","","東京都板橋区桜川1-2-1","東京都","板橋区","桜川1丁目","2-1","","35.756353","139.677169","","","(03)3932-6355","","","","","","","","","","","","","","","","","","","","","","","","","","","","","","","","",""
"131199","131199000240","板橋区","上板橋第三中学校","","","","","","","","","東京都板橋区常盤台3-30-1","東京都","板橋区","常盤台3丁目","30-1","","35.763517","139.682319","","","(03)3960-2312","","","","","","","","","","","","","","","","","","","","","","","","","","","","","","","","",""
"131199","131199000241","板橋区","YUMEパーク・大和町自転車駐車場（有料コイン式）","","","","","","","","","東京都板橋区大和町17-1","東京都","板橋区","大和町","17-1","","35.761364","139.705043","","","","","","","","","","","","","","","","","","","","","","","","","","","","","","","","","","","",""
"131199","131199000242","板橋区","ときわ台駅南口自転車駐車場（有料）","","","","","","","","","東京都板橋区南常盤台2－4－10","東京都","板橋区","南常盤台2丁目","4-10","","35.758492","139.687246","","","","","","","","","","","","","","","","","","","","","","","","","","","","","","","","","","","",""
"131199","131199000243","板橋区","ときわ台駅北口第１自転車駐車場（有料）","","","","","","","","","東京都板橋区常盤台2－1－10","東京都","板橋区","常盤台2丁目","1-10","","35.759346","139.687824","","","","","","","","","","","","","","","","","","","","","","","","","","","","","","","","","","","",""
"131199","131199000244","板橋区","ときわ台駅北口第２自転車駐車場（有料）","","","","","","","","","東京都板橋区常盤台2－7－8","東京都","板橋区","常盤台2丁目","7-8","","35.759673","139.689324","","","","","","","","","","","","","","","","","","","","","","","","","","","","","","","","","","","",""
"131199","131199000245","板橋区","ときわ台駅北口第３自転車駐車場（有料）","","","","","","","","","東京都板橋区常盤台2－6－2","東京都","板橋区","常盤台2丁目","6-2","","35.759603","139.689722","","","","","","","","","","","","","","","","","","","","","","","","","","","","","","","","","","","",""
"131199","131199000246","板橋区","ときわ台駅北口第４自転車駐車場（有料ゲート式）","","","","","","","","","東京都板橋区常盤台1－45","東京都","板橋区","常盤台1丁目","45","","35.758909","139.69079","","","","","","","","","","","","","","","","","","","","","","","","","","","","","","","","","","","",""
"131199","131199000247","板橋区","下板橋駅第１自転車駐車場（有料）","","","","","","","","","東京都板橋区板橋1－4－13先","東京都","板橋区","板橋1丁目","4-13先","","35.746071","139.71576","","","","","","","","","","","","","","","","","","","","","","","","","","","","","","","","","","","",""
"131199","131199000248","板橋区","下板橋駅第２自転車駐車場（有料コイン式）","","","","","","","","","東京都板橋区板橋2－3－1先","東京都","板橋区","板橋2丁目","3-1先","","35.745904","139.714752","","","","","","","","","","","","","","","","","","","","","","","","","","","","","","","","","","","",""
"131199","131199000249","板橋区","高島平駅西口自転車駐車場（有料コイン式）","","","","","","","","","東京都板橋区高島平8－2先","東京都","板橋区","高島平8丁目","2先","","35.789033","139.660678","","","","","","","","","","","","","","","","","","","","","","","","","","","","","","","","","","","",""
"131199","131199000250","板橋区","高島平駅第１自転車駐車場（有料）","","","","","","","","","東京都板橋区高島平8－2－2","東京都","板橋区","高島平8丁目","2-2","","35.789054","139.660502","","","","","","","","","","","","","","","","","","","","","","","","","","","","","","","","","","","",""
"131199","131199000251","板橋区","高島平駅第２自転車駐車場（有料）","","","","","","","","","東京都板橋区高島平8－2－1","東京都","板橋区","高島平8丁目","2-1","","35.788685","139.662271","","","","","","","","","","","","","","","","","","","","","","","","","","","","","","","","","","","",""
"131199","131199000252","板橋区","高島平駅東口自転車駐車場（有料コイン式）","","","","","","","","","東京都板橋区高島平8－2先","東京都","板橋区","高島平8丁目","2先","","35.788758","139.66214","","","","","","","","","","","","","","","","","","","","","","","","","","","","","","","","","","","",""
"131199","131199000253","板橋区","高島陸橋交差点A自転車駐車場（有料）","","","","","","","","","東京都板橋区三園2-1-1","東京都","板橋区","三園2丁目","1-1","","35.792404","139.643506","","","","","","","","","","","","","","","","","","","","","","","","","","","","","","","","","","","",""
"131199","131199000254","板橋区","高島陸橋交差点B自転車駐車場（有料）","","","","","","","","","東京都板橋区三園2-1-1","東京都","板橋区","三園2丁目","1-1","","35.792224","139.643467","","","","","","","","","","","","","","","","","","","","","","","","","","","","","","","","","","","",""
"131199","131199000255","板橋区","高島陸橋交差点C自転車駐車場（有料）","","","","","","","","","東京都板橋区三園2-1-1","東京都","板橋区","三園2丁目","1-1","","35.792126","139.643256","","","","","","","","","","","","","","","","","","","","","","","","","","","","","","","","","","","",""
"131199","131199000256","板橋区","高島陸橋交差点D自転車駐車場（有料）","","","","","","","","","東京都板橋区三園1-47-14","東京都","板橋区","三園1丁目","47-14","","35.791856","139.643342","","","","","","","","","","","","","","","","","","","","","","","","","","","","","","","","","","","",""
"131199","131199000257","板橋区","高島陸橋交差点E自転車駐車場（有料）","","","","","","","","","東京都板橋区高島平5-55-2","東京都","板橋区","高島平5丁目","55-2","","35.791661","139.643952","","","","","","","","","","","","","","","","","","","","","","","","","","","","","","","","","","","",""
"131199","131199000258","板橋区","高島陸橋交差点F自転車駐車場（有料）","","","","","","","","","東京都板橋区高島平6-1-1先","東京都","板橋区","高島平6丁目","1-1先","","35.792078","139.644334","","","","","","","","","","","","","","","","","","","","","","","","","","","","","","","","","","","",""
"131199","131199000259","板橋区","志村坂上駅自転車駐車場（有料コイン式）","","","","","","","","","東京都板橋区小豆沢2－18－9","東京都","板橋区","小豆沢2丁目","18-9","","35.776416","139.695578","","","","","","","","","","","","","","","","","","","","","","","","","","","","","","","","","","","",""
"131199","131199000260","板橋区","志村坂上駅北自転車駐車場（有料コイン式）","","","","","","","","","東京都板橋区小豆沢3－6－7","東京都","板橋区","小豆沢3丁目","6-7","","35.776736","139.694776","","","","","","","","","","","","","","","","","","","","","","","","","","","","","","","","","","","",""
"131199","131199000261","板橋区","志村三丁目駅第１自転車駐車場（有料）","","","","","","","","","東京都板橋区志村3－21－20先","東京都","板橋区","志村3丁目","21-20先","","35.777376","139.685096","","","","","","","","","","","","","","","","","","","","","","","","","","","","","","","","","","","",""
"131199","131199000262","板橋区","志村三丁目駅第２自転車駐車場（有料）","","","","","","","","","東京都板橋区志村3－24－17先","東京都","板橋区","志村3丁目","24-17先","","35.777618","139.68603","","","","","","","","","","","","","","","","","","","","","","","","","","","","","","","","","","","",""
"131199","131199000263","板橋区","志村三丁目駅第３自転車駐車場（有料）","","","","","","","","","東京都板橋区志村3－26－21先","東京都","板橋区","志村3丁目","26-21先","","35.777873","139.687071","","","","","","","","","","","","","","","","","","","","","","","","","","","","","","","","","","","",""
"131199","131199000264","板橋区","志村三丁目駅第４自転車駐車場（有料コイン式）","","","","","","","","","東京都板橋区志村3－15先","東京都","板橋区","志村3丁目","15先","","35.776845","139.684426","","","","","","","","","","","","","","","","","","","","","","","","","","","","","","","","","","","",""
"131199","131199000265","板橋区","志村三丁目駅第５自転車駐車場（有料コイン式）","","","","","","","","","東京都板橋区志村3-20","東京都","板橋区","志村3丁目","20","","35.777174","139.684446","","","","","","","","","","","","","","","","","","","","","","","","","","","","","","","","","","","",""
"131199","131199000266","板橋区","小竹向原駅自転車駐車場（有料）","","","","","","","","","東京都板橋区向原1－14－14先","東京都","板橋区","向原1丁目","14-14先","","35.741829","139.682832","","","","","","","","","","","","","","","","","","","","","","","","","","","","","","","","","","","",""
"131199","131199000267","板橋区","小竹向原駅南自転車駐車場（有料）","","","","","","","","","東京都板橋区向原2－36－9先","東京都","板橋区","向原2丁目","36-9先","","35.742476","139.681265","","","","","","","","","","","","","","","","","","","","","","","","","","","","","","","","","","","",""
"131199","131199000268","板橋区","小竹向原駅北自転車駐車場（有料）","","","","","","","","","東京都板橋区向原3－8先","東京都","板橋区","向原3丁目","8先","","35.74374","139.682818","","","","","","","","","","","","","","","","","","","","","","","","","","","","","","","","","","","",""
"131199","131199000269","板橋区","上板橋駅西自転車駐車場（有料）","","","","","","","","","東京都板橋区上板橋3-16","東京都","板橋区","上板橋3丁目","16","","35.765487","139.673548","","","","","","","","","","","","","","","","","","","","","","","","","","","","","","","","","","","",""
"131199","131199000270","板橋区","上板橋駅東自転車駐車場（有料）","","","","","","","","","東京都板橋区常盤台4ー14","東京都","板橋区","常盤台4丁目","14","","35.763253","139.679887","","","","","","","","","","","","","","","","","","","","","","","","","","","","","","","","","","","",""
"131199","131199000271","板橋区","上板橋駅南口自転車駐車場（有料）","","","","","","","","","東京都板橋区上板橋1－13－23","東京都","板橋区","上板橋1丁目","13-23","","35.762971","139.677276","","","","","","","","","","","","","","","","","","","","","","","","","","","","","","","","","","","",""
"131199","131199000272","板橋区","上板橋駅北自転車駐車場（有料）","","","","","","","","","東京都板橋区常盤台4－30－8","東京都","板橋区","常盤台4丁目","30-8","","35.764762","139.677004","","","","","","","","","","","","","","","","","","","","","","","","","","","","","","","","","","","",""
"131199","131199000273","板橋区","新高島平駅南自転車駐車場（有料コイン式）","","","","","","","","","東京都板橋区高島平3-14先","東京都","板橋区","高島平3丁目","14先","","35.789941","139.653321","","","","","","","","","","","","","","","","","","","","","","","","","","","","","","","","","","","",""
"131199","131199000274","板橋区","新高島平駅北自転車駐車場（有料）","","","","","","","","","東京都板橋区高島平7－17－3","東京都","板橋区","高島平7丁目","17-3","","35.790969","139.65508","","","","","","","","","","","","","","","","","","","","","","","","","","","","","","","","","","","",""
"131199","131199000275","板橋区","新板橋駅前高架下自転車駐車場（有料）","","","","","","","","","東京都板橋区板橋4－4先","東京都","板橋区","板橋4丁目","4先","","35.748879","139.719482","","","","","","","","","","","","","","","","","","","","","","","","","","","","","","","","","","","",""
"131199","131199000276","板橋区","成増一丁目自転車駐車場（有料）","","","","","","","","","東京都板橋区成増1－16－16","東京都","板橋区","成増1丁目","16-16","","35.775017","139.631578","","","","","","","","","","","","","","","","","","","","","","","","","","","","","","","","","","","",""
"131199","131199000277","板橋区","成増駅南口自転車駐車場（有料）","","","","","","","","","東京都板橋区成増2－13－1","東京都","板橋区","成増2丁目","13-1","","35.776968","139.633695","","","","","","","","","","","","","","","","","","","","","","","","","","","","","","","","","","","",""
"131199","131199000278","板橋区","成増駅南口第２自転車駐車場（有料）","","","","","","","","","東京都板橋区成増2－15－16","東京都","板橋区","成増2丁目","15-16","","35.777398","139.63205","","","","","","","","","","","","","","","","","","","","","","","","","","","","","","","","","","","",""
"131199","131199000279","板橋区","成増駅南口第４自転車駐車場（有料）","","","","","","","","","東京都板橋区成増2－16－7","東京都","板橋区","成増2丁目","16-7","","35.776666","139.632405","","","","","","","","","","","","","","","","","","","","","","","","","","","","","","","","","","","",""
"131199","131199000280","板橋区","成増駅南口第５自転車駐車場（有料）","","","","","","","","","東京都板橋区成増2-17","東京都","板橋区","成増2丁目","17","","35.776812","139.631746","","","","","","","","","","","","","","","","","","","","","","","","","","","","","","","","","","","",""
"131199","131199000281","板橋区","成増駅南口第６自転車駐車場","","","","","","","","","東京都板橋区成増1丁目31番先など","東京都","板橋区","成増1丁目","31番先など","","35.778301","139.62836","","","","","","","","","","","","","","","","","","","","","","","","","","","","","","","","","","","",""
"131199","131199000282","板橋区","成増駅南口第7自転車駐車場","","","","","","","","","東京都板橋区成増1丁目32番先など","東京都","板橋区","成増1丁目","32番先など","","35.778825","139.626971","","","","","","","","","","","","","","","","","","","","","","","","","","","","","","","","","","","",""
"131199","131199000283","板橋区","成増駅北口第１自転車駐車場（有料）","","","","","","","","","東京都板橋区成増3－11－10","東京都","板橋区","成増3丁目","11-10","","35.778657","139.633503","","","","","","","","","","","","","","","","","","","","","","","","","","","","","","","","","","","",""
"131199","131199000284","板橋区","成増駅北口第２自転車駐車場（有料）","","","","","","","","","東京都板橋区成増3－14－17","東京都","板橋区","成増3丁目","14-17","","35.778742","139.633042","","","","","","","","","","","","","","","","","","","","","","","","","","","","","","","","","","","",""
"131199","131199000285","板橋区","成増駅北口第４自転車駐車場（有料コイン式）","","","","","","","","","東京都板橋区成増3－13先","東京都","板橋区","成増3丁目","13先","","35.779008","139.632653","","","","","","","","","","","","","","","","","","","","","","","","","","","","","","","","","","","",""
"131199","131199000286","板橋区","成増駅北口第５自転車駐車場（有料）","","","","","","","","","東京都板橋区成増3－10","東京都","板橋区","成増3丁目","10","","35.778862","139.634062","","","","","","","","","","","","","","","","","","","","","","","","","","","","","","","","","","","",""
"131199","131199000287","板橋区","成増公園前自転車駐車場（有料）","","","","","","","","","東京都板橋区成増3－3－13","東京都","板橋区","成増3丁目","3-13","","35.777871","139.633789","","","","","","","","","","","","","","","","","","","","","","","","","","","","","","","","","","","",""
"131199","131199000288","板橋区","西高島平駅前自転車駐車場（有料）","","","","","","","","","東京都板橋区高島平6－1－1先","東京都","板橋区","高島平6丁目","1-1先","","35.792112","139.645553","","","","","","","","","","","","","","","","","","","","","","","","","","","","","","","","","","","",""
"131199","131199000289","板橋区","西高島平駅南口自転車駐車場（有料コイン式）","","","","","","","","","東京都板橋区高島平6－1先","東京都","板橋区","高島平6丁目","1先","","35.791981","139.645092","","","","","","","","","","","","","","","","","","","","","","","","","","","","","","","","","","","",""
"131199","131199000290","板橋区","西台駅高架下自転車駐車場（有料）","","","","","","","","","東京都板橋区高島平9－1","東京都","板橋区","高島平9丁目","1","","35.787079","139.672634","","","","","","","","","","","","","","","","","","","","","","","","","","","","","","","","","","","",""
"131199","131199000291","板橋区","西台駅東自転車駐車場（有料）","","","","","","","","","東京都板橋区蓮根3－6－10","東京都","板橋区","蓮根3丁目","6-10","","35.786797","139.675853","","","","","","","","","","","","","","","","","","","","","","","","","","","","","","","","","","","",""
"131199","131199000292","板橋区","大山駅自転車駐車場（有料コイン式）","","","","","","","","","東京都板橋区栄町35－2","東京都","板橋区","栄町","35-2","","35.750022","139.701667","","","","","","","","","","","","","","","","","","","","","","","","","","","","","","","","","","","",""
"131199","131199000293","板橋区","大山駅前自転車駐車場（有料）","","","","","","","","","東京都板橋区大山町2－2","東京都","板橋区","大山町2丁目","2-2","","35.747452","139.702511","","","","","","","","","","","","","","","","","","","","","","","","","","","","","","","","","","","",""
"131199","131199000294","板橋区","大山東町自転車駐車場（有料）","","","","","","","","","東京都板橋区大山東町59","東京都","板橋区","大山東町","59","","35.749536","139.702333","","","","","","","","","","","","","","","","","","","","","","","","","","","","","","","","","","","",""
"131199","131199000295","板橋区","大和町自転車駐車場（有料）","","","","","","","","","東京都板橋区大和町20－7","東京都","板橋区","大和町","7","","35.761391","139.704084","","","","","","","","","","","","","","","","","","","","","","","","","","","","","","","","","","","",""
"131199","131199000296","板橋区","中板橋駅東自転車駐車場（有料）","","","","","","","","","東京都板橋区中板橋18－32","東京都","板橋区","中板橋","32","","35.75643","139.696956","","","","","","","","","","","","","","","","","","","","","","","","","","","","","","","","","","","",""
"131199","131199000297","板橋区","中板橋駅南口自転車駐車場（有料）","","","","","","","","","東京都板橋区弥生町33－1先","東京都","板橋区","弥生町","1先","","35.755521","139.695581","","","","","","","","","","","","","","","","","","","","","","","","","","","","","","","","","","","",""
"131199","131199000298","板橋区","中板橋駅北口自転車駐車場（有料）","","","","","","","","","東京都板橋区中板橋24－3先","東京都","板橋区","中板橋","3先","","35.756192","139.695066","","","","","","","","","","","","","","","","","","","","","","","","","","","","","","","","","","","",""
"131199","131199000299","板橋区","東武練馬駅自転車駐車場（有料）","","","","","","","","","東京都板橋区徳丸2－3－17先","東京都","板橋区","徳丸2丁目","3-17先","","35.768784","139.662934","","","","","","","","","","","","","","","","","","","","","","","","","","","","","","","","","","","",""
"131199","131199000300","板橋区","東武練馬駅東自転車駐車場（有料コイン式）","","","","","","","","","東京都板橋区徳丸1－6－1","東京都","板橋区","徳丸1丁目","6-1","","35.7684","139.664638","","","","","","","","","","","","","","","","","","","","","","","","","","","","","","","","","","","",""
"131199","131199000301","板橋区","徳丸タウンブリッジ自転車駐車場（有料）","","","","","","","","","東京都板橋区徳丸1－8－3","東京都","板橋区","徳丸1丁目","8-3","","35.768758","139.663173","","","","","","","","","","","","","","","","","","","","","","","","","","","","","","","","","","","",""
"131199","131199000302","板橋区","板橋駅自転車駐車場（有料）","","","","","","","","","東京都板橋区板橋１－１－２","東京都","板橋区","板橋1丁目","1-2","","35.745682","139.718791","","","","","","","","","","","","","","","","","","","","","","","","","","","","","","","","","","","",""
"131199","131199000303","板橋区","板橋駅西口自転車駐車場（有料コイン式）","","","","","","","","","東京都板橋区板橋1－51－1先","東京都","板橋区","板橋1丁目","51-1先","","35.746404","139.720017","","","","","","","","","","","","","","","","","","","","","","","","","","","","","","","","","","","",""
"131199","131199000304","板橋区","板橋区役所前駅高架下自転車駐車場（有料）","","","","","","","","","東京都板橋区板橋3－7先","東京都","板橋区","板橋3丁目","7先","","35.75154","139.710012","","","","","","","","","","","","","","","","","","","","","","","","","","","","","","","","","","","",""
"131199","131199000305","板橋区","板橋区役所前駅西自転車駐車場（有料）","","","","","","","","","東京都板橋区大山東町41－2","東京都","板橋区","大山東町","41-2","","35.750723","139.705854","","","","","","","","","","","","","","","","","","","","","","","","","","","","","","","","","","","",""
"131199","131199000306","板橋区","板橋区役所前駅東自転車駐車場（有料）","","","","","","","","","東京都板橋区板橋3－10－8","東京都","板橋区","板橋3丁目","10-8","","35.752341","139.711752","","","","","","","","","","","","","","","","","","","","","","","","","","","","","","","","","","","",""
"131199","131199000307","板橋区","板橋区役所前駅南自転車駐車場（有料）","","","","","","","","","東京都板橋区板橋2－56－4先","東京都","板橋区","板橋2丁目","56-4先","","35.749244","139.708338","","","","","","","","","","","","","","","","","","","","","","","","","","","","","","","","","","","",""
"131199","131199000308","板橋区","板橋本町駅第１自転車駐車場（有料）","","","","","","","","","東京都板橋区大和町29－13","東京都","板橋区","大和町","29-13","","35.760752","139.704275","","","","","","","","","","","","","","","","","","","","","","","","","","","","","","","","","","","",""
"131199","131199000309","板橋区","板橋本町駅第４自転車駐車場（有料）","","","","","","","","","東京都板橋区本町37－10先","東京都","板橋区","本町","10先","","35.761491","139.706573","","","","","","","","","","","","","","","","","","","","","","","","","","","","","","","","","","","",""
"131199","131199000310","板橋区","浮間舟渡駅自転車駐車場（有料）","","","","","","","","","東京都板橋区舟渡1－15－2","東京都","板橋区","舟渡1丁目","15-2","","35.791635","139.689906","","","","","","","","","","","","","","","","","","","","","","","","","","","","","","","","","","","",""
"131199","131199000311","板橋区","本蓮沼駅自転車駐車場（有料）","","","","","","","","","東京都板橋区蓮沼町22－4","東京都","板橋区","蓮沼町","22-4","","35.768863","139.702778","","","","","","","","","","","","","","","","","","","","","","","","","","","","","","","","","","","",""
"131199","131199000312","板橋区","本蓮沼駅第２自転車駐車場（有料ゲート式）","","","","","","","","","東京都板橋区大原町2－13","東京都","板橋区","大原町2丁目","2-13","","35.769553","139.701377","","","","","","","","","","","","","","","","","","","","","","","","","","","","","","","","","","","",""
"131199","131199000313","板橋区","本蓮沼駅第３自転車駐車場（有料）","","","","","","","","","東京都板橋区蓮沼町22","東京都","板橋区","蓮沼町","22","","35.768774","139.702462","","","","","","","","","","","","","","","","","","","","","","","","","","","","","","","","","","","",""
"131199","131199000314","板橋区","蓮根駅自転車駐車場（有料）","","","","","","","","","東京都板橋区蓮根2－31－2","東京都","板橋区","蓮根2丁目","31-2","","35.78425","139.678879","","","","","","","","","","","","","","","","","","","","","","","","","","","","","","","","","","","",""
"131199","131199000315","板橋区","蓮根駅北自転車駐車場（有料）","","","","","","","","","東京都板橋区蓮根2-31-27","東京都","板橋区","蓮根2丁目","31-27","","35.785051","139.679122","","","","","","","","","","","","","","","","","","","","","","","","","","","","","","","","","","","",""
"131199","131199000316","板橋区","蓮根三丁目自転車駐車場（有料）","","","","","","","","","東京都板橋区蓮根3－3－12","東京都","板橋区","蓮根3丁目","3-12","","35.786454","139.678532","","","","","","","","","","","","","","","","","","","","","","","","","","","","","","","","","","","",""